Product Name,Price,Size,Status
"Back on Track® Canine Fleece Rug,Supreme",£52.00,Extra Small (21cm - 23cm),Available
"Back on Track® Canine Fleece Rug,Supreme",£52.00,Extra Small (24cm - 25cm),Out Of Stock!
"Back on Track® Canine Fleece Rug,Supreme",£52.00,Small (26cm - 27cm),Out Of Stock!
"Back on Track® Canine Fleece Rug,Supreme",£52.00,Small (28cm- 29cm),Out Of Stock!
"Back on Track® Canine Fleece Rug,Supreme",£52.00,Small (30cm - 32cm),Available
"Back on Track® Canine Fleece Rug,Supreme",£52.00,Small (33cm - 35cm),Out Of Stock!
"Back on Track® Canine Fleece Rug,Supreme",£52.00,Small (36cm - 38cm) (+£2.00),Out Of Stock!
"Back on Track® Canine Fleece Rug,Supreme",£52.00,Small (39cm - 41cm) (+£2.00),Out Of Stock!
"Back on Track® Canine Fleece Rug,Supreme",£52.00,Medium (42cm - 44cm) (+£2.00),Out Of Stock!
"Back on Track® Canine Fleece Rug,Supreme",£52.00,Medium (45cm - 47cm) (+£2.00),Out Of Stock!
"Back on Track® Canine Fleece Rug,Supreme",£52.00,Medium (48cm - 50cm) (+£2.00),Out Of Stock!
"Back on Track® Canine Fleece Rug,Supreme",£52.00,Medium (51cm - 53cm) (+£2.00),Available
"Back on Track® Canine Fleece Rug,Supreme",£52.00,Large (54cm -56cm) (+£13.00),Available
"Back on Track® Canine Fleece Rug,Supreme",£52.00,Large (57cm - 59cm) (+£13.00),Out Of Stock!
"Back on Track® Canine Fleece Rug,Supreme",£52.00,Large (60cm - 63cm) (+£13.00),Out Of Stock!
"Back on Track® Canine Fleece Rug,Supreme",£52.00,Large (64cm - 67cm) (+£13.00),Available
"Back on Track® Canine Fleece Rug,Supreme",£52.00,Large (68cm - 71cm) (+£13.00),Available
"Back on Track® Canine Fleece Rug,Supreme",£52.00,Large (72cm - 75cm) (+£13.00),Out Of Stock!
"Back on Track® Canine Fleece Rug,Supreme",£52.00,Large (76cm - 79cm) (+£21.00),Out Of Stock!
"Back on Track® Canine Fleece Rug,Supreme",£52.00,Large (80cm - 83cm) (+£21.00),Out Of Stock!
"Back on Track® Canine Fleece Rug,Supreme",£52.00,Extra Large (84cm - 87cm) (+£29.00),Out Of Stock!
"Back on Track® Canine Fleece Rug,Supreme",£52.00,Extra Large (88cm - 91cm) (+£29.00),Out Of Stock!
